i	ru	av	pos	ev	wf	example	senses
0	год	лъагӀел	nouns	21	44	щибаб лъагӀалие = ежегодно, каждый год	
1	быть	букӀине	verbs	307	703	букӀа абе! = бог с ним!	быть, существовать | иметься, быть | становиться, стать чем-либо
2	человек	чи	nouns	1308	3261	щуго чи = пять человек	
3	новый	цӀияб	adjs	169	394	цӀияб иту = новый утюг	новый | молодой | свежий
4	время	заман	nouns	352	1096	араб заман = прошедшее время	время и времена, период | срок | пора, отрезок времени
5	еще	жеги	adverbs	218	618	жеги цӀияб = еще новый	еще, пока еще | более | даже
6	дело	иш	nouns	236	612	иш гуро = не твое дело	дело, работа | служба, работа в учреждении | шум, звук
7	мочь	кӀвезе	verbs	38	65	кӀвани вачӀина дун = если смогу, приду	
8	жизнь	гӀумру	nouns	237	541	гӀумру ана = жизнь прошла	жизнь, жизненный путь | жизнь | жизнь | возраст
9	день	къо	nouns	905	3869	цо къо = один день	день | рабочий день, трудодень | день | дни, жизнь
10	большой	кӀудияб	adjs	330	837	кӀудияв чи = важная персона, большой человек	большой, крупный (по величине) | великий, выдающийся | высокий, превосходный | просторный, обширный
11	рука	квер	nouns	392	624	квер базе = а) подступиться, приступиться	
12	сказать	абизе	verbs	455	1468	яс абизе = помолвить девушку; (по)сватать девушку	говорить, сказать что-либо | помолвить кого-либо, (по)сватать
13	раз	нух	nouns	485	1421	цо нухалъ = один раз	
14	очень	цӀакъ	adverbs	200	331	цӀакъго хераб = слишком старый, дряхлый	
15	работа	хӀалтӀи	nouns	269	470	хӀалтӀухъ мухь = зарплата, плата за работу	работа, труд | труд | упражнение
16	последний	ахирисеб	adjs	22	152	ахирисеб дарс = последний урок	
17	слово	рагӀи	nouns	268	621	цо рагӀи = одно слово	слово, речь | слово, обещание
18	говорить	бицине	verbs	320	1180	дарс бицине = ответить урок	
19	место	бакӀ	nouns	700	3193	доб бакӀ = то место, тот район	место | участок, площадь: | местность, район | местонахождение, месторасположение
20	лицо	гьумер	nouns	170	363	зодил гьумер = небеса	лицо | страница | лицо, лицевая сторона | поверхность
21	знать	лъазе	verbs	441	1324	щиб лъалеб = как знать; может, может быть; возможно	знать что-либо, получать знание | узнавать, узнать кого-что-либо | замечать, примечать | чувствовать, ощущать
22	друг	гьудул	nouns	242	386	гьудулалъул вас = сын подруги	друг и подруга, приятель и приятельница | возлюбленный и возлюбленнная, милый и милая | обращение друг, товарищ
23	общий	гӀаммаб	adjs	16	109	гӀаммаб иш = общее дело	
24	глаз	бер	nouns	418	576	бер гӀезе = сглазить	
25	нет	гьечӀо	adverbs	576	814	щибниги гьечӀо = ничего нет	
26	вопрос	суал	nouns	67	488	суал кьезе = задавать, задать вопрос; спрашивать, спросить	вопрос | вопрос, проблема | вопросительный
27	стать	лъугьине	verbs	502	1705	тӀом лъугьине = выделать кожу	входить, войти | случаться, случиться | рождаться, родиться | (по)лезть, залезть куда-либо
28	дом	рукъ	nouns	489	901	тӀуцаб рукъ = низкая комната	дом, изба | комната | дом | клетка
29	сторона	рахъ	nouns	204	1267	цо рахъалде = в одну сторону	сторона | сторона, направление | сторона, край | сторона горизонта
30	высокий	борхатаб	adjs	95	196	борхатаб мина = высокое здание	
31	страна	улка	nouns	87	341	чияр улка = чужая страна	
32	идти	ине	verbs	1144	3549	нахъе ине = отходить, отойти; отъезжать, отъехать откуда-либо	идти, уходить | идти, пойти | идти, вести куда-либо | выходить замуж
33	мир	ракь	nouns	392	989	ракь те = уходи, прочь, вон	земля, суша | земля, мир | земля, почва | земля (пригодная для земледелия) земли, угодья
34	конечно	гьайгьай	adverbs	5	19	гьайгьай, гьедин лъикӀ = конечно, так лучше	
35	голова	бетӀер	nouns	300	424	бетӀер ххазе = расчёсывать голову	голова | голова | головка | глава, голова
36	хороший	лъикӀаб	adjs	214	348	лъикӀаб чу = добрый конь	хороший, приличный | добрый, добропорядочный | благотворный
37	сила	къуват	nouns	71	266	къуват бекизе = сдасться; силу сломать	
38	сделать	гьабизе	verbs	2509	5626	иш гьабизе = делать дело	(с)делать, проделать | (с)делать, (по)строить | (с)делать, готовить | производить, выпускать какую-либо продукцию
39	конец	ахир	nouns	54	187	ахир лъезе = положить конец, покончить с чем-либо	конец, окончание | конец, кончина | окончание
40	вид	бегӀ	nouns	32	91	бегӀ бугеб = миловидный, симпатичный; приятного облика	
41	жить	бетӀербахъизе	verbs	4	5	аваданго бетӀербахъизе = весело жить	
42	часть	бутӀа	nouns	52	270	лъабго бутӀа = три части	часть, доля | пай | вклад
43	главный	тӀоцебесеб	adjs	87	299	тӀоцеесей яс = первая девочка	первый | первый, первейший
44	город	шагьар	nouns	114	1058	кӀудияб шагьар = крупный город, большой город, мегаполис	
45	также	гьединго	adverbs	53	1587	гьединго нужецаги хъвай = и вы пишите так же	так же, таким же образом | также, а также
46	отношение	хурхен	nouns	10	69	хурхен ккезе = установиться — о связи	
47	смотреть	балагьизе	verbs	118	385	балагьун чӀа! = подожди; ну погоди!; посмотрим!	(по)смотреть, (по)глядеть на кого-что-либо | ждать, ожидать | (по)пробовать что-либо (на вкус, на ощупь) | (по)пробовать что-либо (на вкус, на ощупь)
48	женщина	чӀужугӀадан	nouns	12	29		
49	деньги	гӀарац	nouns	203	253	гӀарцул танг = кипа денег	серебро | деньги | арац
50	маленький	гьитӀинаб	adjs	245	425	гьитӀинай яс = девчонка, девочка; младшая дочь	малый, маленький | младший | младший (по званию, степени и тому подобное) | гитинав
51	вода	лъим	nouns	419	814	иццул лъим = родниковая, ключевая вода	
52	работать	хӀалтӀизе	verbs	280	360	квеш хӀалтӀизе = плохо работать	работать, трудиться | ходить
53	отец	эмен	nouns	341	770	бесдал эмен = отчим	
54	сразу	тӀанкӀан	adverbs	14	15	тӀанкӀан рекӀелъе рехизе = взбрести в голову	
55	право	ихтияр	nouns	25	121	ихтияр щвезе = получить полномочия	право, полномочие | добрая воля, добровольность | разрешение
56	молодой	бахӀараб	adjs	14	27	бахӀараб гӀумру = молодая жизнь, молодость	
57	нога	бох	nouns	63	94	бох базе = дать подножку	вся нога | задняя нога
58	понять	бичӀчӀизе	verbs	110	199	гӀелму бичӀчӀизе = разбираться в науке	понимать, понять | разбираться, смыслить в чём-либо | догадываться, чувствовать | подразумевать
59	решение	хӀукму	nouns	68	120	хӀукму ккезе = решать, решить; принять решение	
60	внутри	жаниб	?	249	1255	жаниб лъе = положи вовнутрь	внутри | в чём-либо
61	дверь	нуцӀа	nouns	77	87	нуцӀа гъезе = навесить дверь	
62	спросить	гьикъизе	verbs	97	139	дица досда гьикъила = я его спрошу	
63	власть	кверщел	nouns	14	90	кверщел кьезе = давать, дать разрешение, согласие	власть | согласие, разрешение
64	государственный	пачалихъалъул	adjs	18	274	пачалихъалъул боцӀи = казённое имущество	
65	закон	къанун	nouns	7	73		
66	хорошо	лъикӀго	adverbs	53	67	лъикӀго хъвай = пиши аккуратно	хорошенько, как следует | толком | аккуратно, опрятно | внимательно, с интересом
67	война	рагъ	nouns	204	1128	рагъул кор = пожар войны; жаровня войны	война, фронт | битва, бой | драка, потасовка
68	дать	кьезе	verbs	829	2303	яс кьезе = выдать дочь	(вы)давать, дать | сдавать, сдать что-либо | передавать, передать что-либо | давать, доставлять
69	бог	аллагь	nouns	343	1076	Аллагьасул нур = свет Аллаха	божество, бог | аллах
70	голос	гьаракь	nouns	340	783	гьаракь къана = голос сел, пропал; охрип	звук и звуки | голос | голос | шум, гам
71	полный	тӀубараб	adjs	61	87	тӀувачӀев чи = ненормалный человек, дураковатый человек; дурень, простофиля	
72	тысяча	азарго	nouns	54	298	азарго гъурущ = [одна] тысяча рублей	тысяча | тысяча, множество
73	получить	щвезе	verbs	159	358	кеп щвезе = вызывать смех	достигать, достичь чего-либо | приезжать, приехать | получать, получить что-либо от кого-либо | наступать, наступить
74	книга	тӀехь	nouns	322	404	тӀехь хъвазе = написать книгу	книга, книжка | писание
75	сегодня	жакъа	adverbs	253	1616	жакъа радал = сегодня утром	
76	возможность	рес	nouns	94	583	рес ккезе = представиться — о возможности	возможность, средство | состояние, средства
77	настоящий	хӀакъаб	adjs	12	21	хӀакъаб жо = истина	истинный, действительный | правдивый | справедливый | достойный, заслуженный
78	результат	хӀасил	nouns	26	61	хӀасил ккезе = прийти к каким-либо результатам	
79	взять	босизе	verbs	616	1101	куй босизе = купить барана	брать, взять | брать | брать | купить, покупать
80	ночь	сордо	nouns	262	451	цо сордоялъ = за одну ночь; в течение одной ночи; однажды вечером; за один вечер	
81	имя	цӀар	nouns	291	940	цӀар абизе = произнести имя, назвать по имени	имя, прозвище | известность, популярность
82	прийти	вачӀине	verbs	47	61		
83	статья	макъала	nouns	25	363	макъала хъвазе = написать статью, заметку	
84	старый	басрияб	adjs	51	172	басрияб сон = старый год	
85	число	рикӀкӀен	nouns	29	198	цолъул рикӀкӀен = единственное число	число, количество | число | числительное
86	больше	цӀикӀкӀун	adverbs	39	181	бищун цӀикӀкӀун = самое большее	
87	народ	халкъ	nouns	216	1202	авар халкъ = аварский народ, аварцы	народ, публика | народ, народности | население, жители
88	выйти	рещтӀине	verbs	50	57	вахӀю рещтӀана = свершилось божье откровение	спускаться, спуститься | выходить, выйти | садиться, приземляться | останавливаться, остановиться
89	жена	лъади	nouns	78	239	лъади ячине = (по)жениться на ком-либо; (по)женить	
90	группа	къокъа	nouns	34	279	ясазул къокъа = группа девушек	
91	нужный	къваригӀараб	adjs	29	38	къваригӀарав чи = нужный человек	
92	развитие	цебетӀей	nouns	5	32		
93	стоять	чӀезе	verbs	430	469	их чӀана = весна наступила	останавливаться, остановиться | бывать, быть | подождать | оставаться, остаться где-либо
94	условие	шартӀ	nouns	30	169	цо шартӀ бугони = при одном условии	
95	вместе	цадахъ	adverbs	282	1095	цадахъ чӀезе = оставаться вместе с кем-либо	вместе | вместе с кем-чем-либо
96	свет	нур	nouns	69	170	бакъул нур = сияние солнца	свет, луч | радуга | свет откровений, не отождествляемый с огнём и имеющий неземное происхождение
97	белый	хъахӀаб	adjs	135	190	хъахӀаб ци = белый медведь	белый | белый | седой | кахав
98	пора	мех	nouns	460	1111	кватӀараб мех букӀана = было позднее время	
99	находиться	буго	verbs	4220	15986	яц унтун йиго = сестра болеет	(наст. вр. глагола | находиться, расположиться где-либо | служит связкой в именном составном сказуемом | служит связкой в глагольном составном сказуемом
100	душа	ракӀ	nouns	664	2018	ракӀ ана = разочаровался	сердце | сердце, душа
101	уровень	даража	nouns	19	150	даража тӀадегӀанав = благочестивый	
102	оставаться	хутӀизе	verbs	151	186	нахъа хутӀизе = отставать	оставаться, остаться где-либо | в сочетании с некоторыми деепричастие выступает в разных значениях
103	форма	куц	nouns	114	393	хьитил куц = сапожная колодка	форма, образец | лицо, физиономия | в сочетании с причастиями и вспомогательным глаголом
104	собственный	дирго	adjs	62	117	дирго гӀиналда рагӀана = слышал собственными ушами	
105	связь	бухьен	nouns	22	129	щулияб бухьен = прочная связь	
106	например	масала	adverbs	30	241		
107	улица	къватӀ	nouns	323	1177	къватӀ къотӀизе = переходить улицу; пересекать улицу	
108	играть	хӀазе	verbs	85	121	торгӀо хӀазе = играть с мячом, играть в волейбол	играть во что-либо, с чем-либо | притворяться, представляться кем-либо
109	мысль	пикру	nouns	129	466	пикру бицине = высказывать [свое] мнение, высказываться	мысль, идея | размышление, раздумье | суждение, рассуждение
110	мать	эбел	nouns	600	1276	эбел яц = сестра матери, тётя по матери	мать, мама | употребляется как компонент жен. собств. имени
111	основной	аслияб	adjs	75	643	аслияб суал = основной вопрос	основной, первоначальный | основной, главный
112	месяц	моцӀ	nouns	266	819	хинаб моцӀ = тёплый месяц	луна, месяц | луна | месяц | месячник
113	вернуться	буссине	verbs	38	54	гьо, бусса! = поварачивайся!	возвращаться, возвратиться | отвернуться от кого-чего-либо | обратиться к кому-чему-либо | поварачиваться, повернуться куда-либо
114	государство	пачалихъ	nouns	35	692	буржуазияб пачалихъ = буржуазное государство	
115	снова	цӀидасан	adverbs	14	37	цӀидасан цӀале = прочитай заново	
116	язык	мацӀ	nouns	1294	4692	носол мацӀ = остриё ножа	язык | металлический наконечник | остриё
117	подобный	релълъараб	adjs	12	56	релълъарал вацал = похожие братья	
118	любовь	рокьи	nouns	166	379	рокьул цӀа = огонь любви	любовь | увлечение чем-либо
119	начинать	байбихьизе	verbs	114	652	дарс байбихьана = урок начался	начинаться, начаться | начинать, начать что-либо положить начало чему-либо
120	взгляд	балагьи	nouns	24	37	берзул балагьи = лобзание глаз	взгляд, взор | присмотр, наблюдение за кем-чем-либо | напрвление | любовь к кому-л/, увлечение кем-либо
121	школа	мактаб	nouns	3	15	росдал мактаб = сельская школа	
122	появиться	баккизе	verbs	74	103	цӀва баккана = звезда взошла	появляться, появиться | прорастать, всходить | всходить, взойти | вырасти
123	цель	лахӀ	nouns	24	161	лахӀ речӀчӀизе = провести чёрную линию верёвкой, намоченной в саже	сажа | мишень, цель
124	следующий	бачӀунеб	adjs	101	207	бачӀунеб заман = будущее время	
125	общество	жамагӀат	nouns	81	214	росдал жамагӀат = сельская община	общество, община | джамаат
126	особенно	хасго	adverbs	28	178		
127	организация	гӀуцӀи	nouns	35	750	рагӀул гӀуцӀи = строение, состав слова	организация, учреждение | строение, структура | конструкция, структура
128	бояться	хӀинкъизе	verbs	15	22	хӀинкъун ворчӀизе = проснуться в страхе	бояться, (ис)пугаться | бояться, опасаться чего-либо
129	порядок	тартиб	nouns	8	74	тартиб бугеб = имеющий порядок	
130	утро	радал	nouns	108	219	жакъа радал = сегодня утром	
131	живой	чӀагояб	adjs	14	33	чӀагояб ролъ = немолотая пшеница, пшеница в зерне	живой, здравствующий | живой, одушевлённый | живой, подвижный | деятельный, дееспособный
132	помощь	кумек	nouns	175	655	кумек бугев = помогающий, оказывающий помощь, содействие	
133	создать	лъугьинабизе	verbs	16	24	рокъобе лъугьинабизе = заставить войти в дом	заставлять, заставить войти или выйти куда-либо | создавать, создать | выводить, вывести | отдать кожу на выделку
134	рубль	гъурущ	nouns	54	383	къого гъурущ = двадцать рублей	
135	рядом	аскӀо	adverbs	7	16		
136	смысл	магӀна	nouns	64	272	магӀна лъазе = докопаться до смысла	смысл, значение | толк
137	известный	машгьураб	adjs	15	95	машгьураб кечӀ = известное стихотворение	
138	состояние	хӀал	nouns	201	482	хӀал хиси = сердечный приступ	состояние, положение | сила | момент, время | обстоятельство
139	спать	кьижизе	verbs	63	84	кьижун ккезе = уснуть, заснуть	спать, засыпать | бездействовать
140	орган	лага	nouns	60	251	нусабго лага = все сто частей [организма]	орган, часть организма | тело, телосложение | рост, вырасти от счастья | устар член
141	внимание	хал	nouns	201	482	хал кквезе = а) наблюдать, присматривать за кем-либо, не сводить глаз	
142	помочь	квербакъизе	verbs	8	68		
143	тело	черх	nouns	121	396	сахаб черх = здоровый организм	тело, организм | плоть | туша
144	военный	рагъул	adjs	108	639	рагъул заман = военуое время	
145	мера	муд	nouns	15	80	мудалъ бикьизе = раздавать банками	мера | банка или кружка
146	назад	нахъехун	adverbs	17	27	нахъехун вуссине = оглянуться назад	позади, назад | позади
147	смерть	хвел	nouns	53	128	тохаб хвел = неожиданная смерть, безвременная кончина	смерть, гибель | падаль, дохлое животное
148	приходить	бачӀине	verbs	419	935	рии бачӀана = наступило лето	приходить, прийти | переезжать, переехать | надвигаться, надвинуться | постигать, обрушиваться
149	задача	масъала	nouns	47	187	масъала хъвазе = написать задачу	задача | задача | вопрос, проблема
150	правительство	хӀукумат	nouns	21	154	Совет хӀукумат = Советская власть, Советское государство	
151	простой	гӀадатаб	adjs	12	36	гӀадатаб иш = обычное дело	обычный, обыкновенный | простой | простой
152	семья	хъизан	nouns	89	556	хъизаалъул чи = член семьи	
153	открыть	рагьизе	verbs	72	158	нух рагьизе = открыть [новую] дорогу, проложить дорогу; дать дорогу кому-чему-либо	открываться, раскрываться | открывать, открыть | распечатывать, распечатать | откупорывать, откупорить
154	ответ	жаваб	nouns	107	480	жаваб кьезе = дать ответ; отвечать, ответить	
155	совершенно	тӀубанго	adverbs	35	74	тӀубанго мехтизе = полностью опьянеть	совершенно, окончательно | совсем, насовсем | всецело, целиком
156	муж	рос	nouns	63	165	росасе ине = выйти замуж	
157	огромный	залимаб	adjs	24	30	залимав чи = осанистый человек; гигант	жестокий, тиранический | громадный, огромный | крупный, дородный
158	стена	къед	nouns	50	80	къед базе = установить стену; воздвигнуть стену	
159	привести	бачине	verbs	419	935	газ бачине = провести газ	(по)вести, водить кого-что-либо | приводить, привести | водить что-либо, управлять чем-либо | переводить, перевести
160	мужчина	бихьинчи	nouns	35	89	гӀай, бихьинчия! = браво, молодчина!	мужчина | удалец, молодец
161	совет	насихӀат	nouns	25	34	инсул насихӀат = отцовское наставление	
162	оставить	тезе	verbs	569	1009	кьун тезе = отдать	оставлять, оставить | откладывать, отложить | позволять, позволить | в сочетании с деепричастием другого глагола выражает завершенность действия
163	вещь	жо	nouns	668	1475	чияр жо = чужая вещь	вещь, предмет | штука | тип
164	красный	багӀараб	adjs	86	142	багӀараб чу = гнедая лошадь	красный, алый | красный | рыжий | тёмно-рыжий, гнедой
165	неделя	анкь	nouns	65	276	анкь ана = неделя прошла	
166	значит	гьединлъидал	adverbs	101	339		
167	наука	гӀелму	nouns	64	148	хӀисаб гӀелму = математическая наука	
168	выходить	бахъизе	verbs	619	1059	заз бахъизе = извлечь занозу	получаться, получиться | выходить | снимать, снять | снимать, снять
169	ряд	кьер	nouns	184	391	цебесеб кьер = передний ряд	
170	причина	гӀилла	nouns	18	50	гӀилла лъазе = (у)знать причину	
171	плохой	квешаб	adjs	77	162	квешав чи = вредный человек	плохой, дурной | злой, вредный | озорной | квешав
172	плечо	гъеж	nouns	37	53	гъеж камизе = лишиться руки	рука (от кисти до локтя), предплечье | плечо
173	пить	гьекъезе	verbs	132	189	гьекъолеб жо = выпивка; то, что пьётся	
174	цена	багьа	nouns	45	175	багьа кьезе = давать, платить какую-либо цену	цена | стоимость
175	давно	цебего	adverbs	20	46	цебего гӀадин = как прежде, как в прежние годы	давно | прежде
176	основа	кьучӀ	nouns	54	324	кьучӀ лъезе = заложить фундамент	основание, фундамент | основа, база | положить начало чему-либо
177	сильный	къуватаб	adjs	42	87	къуватав чи = сильный человек	
178	товарищ	гьалмагъ	nouns	85	142	шишадул гьалмагъ = собутильник	товарищ, друг и подруга | попутчик, спутник
179	собираться	бакӀаризе	verbs	72	77	данде ракӀаризе = собираться вместе	собираться, сосредоточиваться | собирать, собрать кого-что-либо | набирать, набрать | стараться вернуть
180	культура	маданият	nouns	12	264	магӀарулазул маданият цебетӀолеб буго = культура аварцев процветает	
181	документ	кагъат	nouns	235	440	кагъат кьезе = дать (вручить) письмо; отдать записку	бумага | официальная бумага, документ | письмо, записка | карта
182	умереть	хвезе	verbs	183	896	хварав чи = умерший человек, покойник, мертвец	умирать, умереть | (по)дохнуть, издохнуть | (ис)портиться, попортиться | (ис)портиться, выйти из строя
183	встреча	дандчӀвай	nouns	15	26	дандчӀвай гьабизе = усстроить встречу, встретиться	
184	скорый	хехаб	adjs	71	131	хехаб иш = поспешное дело	быстрый, скорый | (по)спешный | срочный | внезапный
185	палец	килищ	nouns	55	88	бакьулъ килищ = средний палец	палец | мера длины
186	действительно	унго	adverbs	64	179	унго, дой ясалъул берцинлъи = смотри, какая красивая девушка	действительно, в самом деле | смотри
187	служба	хъулухъ	nouns	83	443	бигьаяб хъулухъ = должность не бей лежачего; лёгкая служба	служба, пост | дело, работа
188	встать	бахъине	verbs	48	66	бахъун ине = встать и уходить; отобрать, забрать	вставать, встать | начинаться, подниматься | раздаваться, раздасться | двинуться, выступать
189	судьба	къадар	nouns	48	878	къадар хъвазе = соединиться в браке	
190	очередь	ирга	nouns	33	56	дир ирга = моя очередь	очередь, черёд | поочередная пастьба, подворная очерёдность | ряд, шеренга | эпидемия
191	крупный	чӀахӀияб	adjs	20	27	чӀахӀияб гени = крупная груша	крупный, огромный | старший | широкий
192	лес	рохь	nouns	200	275	ризаб рохь = густой лес	
193	проводить	тӀобитӀизе	verbs	20	36	гьобол тӀовитӀизе = провожать гостя	провожать, проводить кого-что-либо | проводить, провести | поводить, повести
194	шаг	гали	nouns	148	211	гали чӀезе = а) шагнуть, ступать ногой	
195	наконец	ахирги	adverbs	29	76	ахирги дица абухъе ккана = всё равно вышло по-моему	наконец, в конце концов | всё равно
196	брат	вац	nouns	347	648	инсул вац = дядя	брат | братишка, браток
197	внутренний	жанисеб	adjs	7	70	жанисеб рахъ = внутренняя сторона	внутренний, находящийся внутри чего-либо | внутренний
198	искусство	гьунар	nouns	132	255	гьунар гьабизе = совершить подвиг	подвиг | умение, искусство | талант, способность | номер на канате
199	бросить	рехизе	verbs	241	322	хеч рехизе = метать копьё	бросать, бросить | выбрасывать, выбросить | увольнять, уволить | накинуть что-либо на что-либо
200	пример	мисал	nouns	36	111	мисал бачине = приводить, привести пример	пример, образец | пример, скому-чему-либо математика
201	игра	хӀай	nouns	9	20	торгӀо хӀай = игра в мяч, волейбол	игра | притворство
202	объяснить	бичӀчӀизабизе	verbs	23	49	дарс бичӀчӀизабизе = объяснить урок	
203	фильм	кино	nouns	21	89	рагъул кино = военный фильм	
204	правый	кваранаб	adjs	42	112	кваранаб бох = правая нога	правый | правый
205	край	рагӀал	nouns	31	47	кьурул рагӀал = край кручи, скалы	край, конец | берег
206	быстро	хех	adverbs	177	242	хехго ине = срочно выехать	быстро, скоро | бегло, быстро | внезапно, мигом | наскоро, наспех
207	гость	гьобол	nouns	86	154	хирияв гьобол = дорогой гость	
208	снять	бетӀизе	verbs	52	55	квас бетӀизе = щипать шерсть	дёргать, выдёргивать | снимать, снять | (со)рвать что-либо у кого-либо, (за)брать что-либо у кого-либо | срывать что-либо на себе
209	воздух	гьава	nouns	124	338	цӀияб гьава = свежий воздух	воздух | гордость
210	характер	гӀамал	nouns	131	158	гӀамал рекъезе = сходиться характером	характер, нрав | действие, деяние | действие
211	близкий	гӀагараб	adjs	42	127	гӀагарав чи = а) родственник, сородич	близкий, ближний | родной, дорогой | близкий | агарав
212	борьба	гугари	nouns	12	168	эркенаб гугари = вольная борьба	
213	услышать	рагӀизе	verbs	111	136	цӀар рагӀизе = прославиться	
214	образование	лъай	nouns	120	646	лъай щвезе = получать знания	знание и знания, познания | образование | сознание, осознание | чувство, ощущение
215	правда	ритӀухълъи	adverbs	16	24	харбил ритӀухълъи = правдивость рассказа	верность, преданность | правдивость, правда | справедливость
216	мальчик	вас	nouns	812	2155	дир вас = мой сын	мальчик, юноша | сын | сын | валет
217	легкий	бигьаяб	adjs	25	61	бигьаяб дарс = лёгкий урок	
218	кровь	би	nouns	271	467	би бай = кровоизлияние	
219	показывать	бихьизабизе	verbs	133	601	нух бихьизабизе = указать дорогу	показывать, показать кому-либо что-либо | указывать, указать на кого-что-либо | (по)знакомить кого-либо с кем-либо | доказывать, доказать что-либо
220	небо	зоб	nouns	116	169	зоб щвана = град выпал	небо | град
221	армия	аскар	nouns	36	145	лъелаб аскар = пехота, пехотные войска	
222	касаться	хъвазе	verbs	527	1752	хер хъвазе = скосить траву	касаться, коснуться кого-чего-либо | брать, трогать | сгребать, сгрести что-либо чем-либо | (на)писать, записывать
223	девочка	яс	nouns	480	956	бесдал яс = падчерица	дочь, дочка | девочка, девушка
224	человеческий	гӀадамасул	adjs	17	169	гӀадамасул мацӀалдалъун кӀалъанила чу = конь молвил человеческим языком	
225	герой	бахӀарчи	nouns	25	57	бахӀарчи вахъине = стать героем	герой, смельчак | молодец | бахарчи
226	затем	цинги	adverbs	162	394	цинги вачӀа = приходи в другой раз	затем, потом | в другой раз, когда-нибудь потом
227	спина	мугъ	nouns	77	115	мугъ рехизе = а) повернуться спиной, отвернуться; обернуться, обратить тыл к кому-чему-либо	спина | хребет, хребтина | спинка
228	кричать	ахӀизе	verbs	153	195	цӀар ахӀизе = обращаться, называть по имени	кричать | (по)звать, подозвать | призывать, призвать к чему-либо | приглашать, пригласить
229	поле	хур	nouns	332	462	абгил хур = ржаное поле	пашня, пахотный участок | урожай
230	рисунок	накъиш	nouns	42	44	гӀараб накъиш = арабеска	
231	дорогой	хирияб	adjs	112	317	хирияб къо = святой день, мусульманский праздник	дорогой, дорогостоящий | высокий | дорогой, милый | любимый
232	церковь	килиса	nouns	7	88		
233	убить	чӀвазе	verbs	324	352	би чӀвазе = пускать кровь кому-либо	убивать, убить | (по)бить, (по)шлёпать | вбивать, вбить | бить во что-либо
234	большинство	гӀемерисеб	nouns	16	84	гӀемерисев чи = многие люди	
235	достаточно	гӀезегӀан	adverbs	17	51	гӀезегӀан мехалъ = довольно долго, немалое время, порядочно	
236	правда	ритӀухълъи	nouns	16	24	харбил ритӀухълъи = правдивость рассказа	верность, преданность | правдивость, правда | справедливость
237	местный	гьанисеб	adjs	0	0		
238	свобода	эркенлъи	nouns	28	81	эркенлъи кьезе = дать свободу, раскрепостить	
239	подняться	борхизе	verbs	43	97	квер борхизе = поднять руку	подниматься, подняться | поднимать, поднять что-либо
240	союз	дандеруссин	nouns	6	28	цоцазе кумекалъе гӀуцӀараб дандеруссин = объединение, созданное для взаимопомощи	союз, объединение | семья
241	договор	къотӀи	nouns	45	85	къотӀи ккезе = договориться	договор, договорённость | обет | библ завет | конец жизни
242	учиться	цӀализе	verbs	270	389	тӀехь цӀализе = читать книгу	(про)читать | учиться | называть, назвать | просить, умолять
243	дерево	гъветӀ	nouns	684	834	гъотӀол кар = крона дерева	
244	широкий	гӀатӀидаб	adjs	32	68	гӀатӀидаб рукъ = просторная комната	широкий, свободный | привольный
245	хозяин	бетӀергьанчи	nouns	7	20	гьаб гӀакдал бетӀергьанчи щив? = кто хозяин этой коровы?	владелец, хозяин | муж
246	сначала	тӀоцебе	adverbs	36	110	тӀоцее шагьаралде щварай гӀадан = женщина, которая первый раз приехала в город	
247	природа	тӀабигӀат	nouns	90	125	чӀагояб тӀабигӀат = живая природа	природа | характер, нрав
248	улыбнуться	гьимизе	verbs	13	19	гьимун ца бихьизе = осклабиться	
249	двор	азбар	nouns	32	46	азбарул къед = каменный забор двора	
250	род	кьибил	nouns	51	130	кьолбол чи = родственник, человек одного роду-племени	
251	отдельный	батӀияб	adjs	74	190	батӀияб нух = другая дорога, иной путь	другой, иной | отличный от кого-чего-либо | особый, особенный | с разными частями речи в местном падеже переводится наречием кроме
252	солнце	бакъ	nouns	241	516	Бакъ кквей = солнечное затмение	солнце | солнце | малярия
253	подходить	гӀагарлъизе	verbs	17	21	их гӀагарлъулеб буго = весна приближается	
254	вера	дин	nouns	70	356	диналъул яц = сестра по вере	
255	довольно	гӀела	adverbs	18	20	гӀела кьижарав = хватит спать	
256	способ	чара	nouns	31	99	чара щиб? = куда денешься?	способ, средство | выход, исход
257	средний	гьоркьохъеб	adjs	35	484	гьоркьохъей яс = средняя дочь	средний | посредственный, умеренный
258	песня	кечӀ	nouns	288	654	кечӀ ахӀизе = спеть песню	песня, пение | стихотворение, стихи
259	занимать	эхетизе	verbs	31	37	мина эхетизе = построить дом	занимать, занять вертикальное положение | (по)ставить что-либо вертикально
260	море	ралъад	nouns	139	600	Каспий ралъад = Каспийское море	
261	требование	тӀалаб	nouns	50	73	тӀалаб буголъи = требовательность	требование, спрос | забота, о ком-чём-либо
262	выбрать	бищизе	verbs	67	114	гӀеч бищизе = собирать яблоки	выбирать, выбрать | избирать, избрать кого-что-либо | собирать
263	половина	бащдаб	nouns	56	155	бащдаб гӀеч = пол-яблока	половина, пол- | наполовину
264	красивый	гьайбатаб	adjs	47	90	гьайбатав вас = красивый мальчик	
265	круг	гор	nouns	173	417	гор базе = повесить круглый хлеб с отверстием	круг | ореол | кольцо | обруч, обод
266	однажды	цин	adverbs	106	257	цин чӀа = подожди пока	раз, однажды | раз, один раз | сначада, сперва | пока
267	надежда	хьул	nouns	66	138	хьул лъезе = надеяться	надежда, чаяние | аппетит, желание | тоска к чему-либо, желание к чему-либо
268	бить	битизе	verbs	89	101	гьаб кӀиябго къагъат битана = эти две карты биты	
269	министр	вазир	nouns	8	33	ханасул вазир = визирь хана	
270	граница	гӀорхъи	nouns	34	72	хурул гӀорхъи = межа в поле	
271	короткий	къокъаб	adjs	58	130	къокъав чи = человек маленького роста	короткий, куцый | маленький, маленького роста | краткий, непродолжительный
272	дух	жен	nouns	79	83	хъубаб жен = неверный дух; злой дух	
273	встречаться	дандчӀвазе	verbs	43	135	жакъа нижеда гьудулзаби дандчӀваана = мы сегодня встретились с друзьями	(у)видеться, встречаться | встречать, встретить кого-что-либо
274	ум	гӀакълу	nouns	87	110	гӀакълу щвезе = взяться за ум, образумиться; уму набраться	ум, разум | рассудок, сознание | мнение, убеждение | совет
275	далеко	рикӀкӀад	adverbs	79	181	рикӀкӀад тезе = держать на определённом растоянии	далеко, далёко | далеко, вдали
276	старик	херав	nouns	86	178	херав чи = старый человек, старик, старец	старый | старик
277	интересный	гӀажаибаб	adjs	18	24	гӀажаибаб жо = диво	необыкновенный, удивительный | занятный, любопытный
278	успех	битӀ	nouns	110	668	битӀ ккезе = удасться, повезти	
279	упасть	бортизе	verbs	36	60	дир нус бортана = я потерял нож; мой нож выпал	падать, упасть | бросаться, броситься | кидаться на кого-либо, накричать на кого-либо
280	счастье	талихӀ	nouns	119	294	талихӀ бугев = счастливый; удачливый	
281	ребята	гӀолохъаби	nouns	20	24	гӀолохъаби берталъе ана = молодёжь пошла на свадьбу	молодые люди, молодёжь | ребята
282	исчезнуть	тӀагӀине	verbs	59	91	квен тӀагӀана = еда кончилась	израсходоваться, истратиться | исчезать, исчезнуть | (по)деваться, деться куда-либо | сойти
283	удар	кьаби	nouns	18	36	рекӀел кьаби = удары сердца; биение сердца	удар, стук | тикание | умножение
284	национальный	миллияб	adjs	20	461	миллияб гимн = национальный гимн	
285	текст	рагӀаби	nouns	354	559		
286	трудно	захӀмат	adverbs	32	66	захӀматго хӀухьел цӀазе = тяжело дышать	трудно, с трудом | тяжело
287	руководство	нухмалъи	nouns	17	249	нухмалъи гьабизе = руководить	
288	закрыть	къазе	verbs	242	387	лол къазе = огородить загон	закрываться, закрыться | застревать, застрять где-либо в чём-либо | вязнуть, завязнуть в чём-либо | вонзаться, вонзиться
289	участник	гӀахьалчи	nouns	7	66	рагъул гӀахьалчи = участник войны	
290	линия	мухъ	nouns	179	3965	мухъ цӀазе = начертить линию; провести черту	линия, черта | вереница | сторона, край
291	длинный	халатаб	adjs	91	217	халатав чи = высокий человек	длинный | высокий | долгий, продолжительный
292	губа	кӀветӀ	nouns	42	57	тӀасияб кӀветӀ = верхняя губа	губа | язычок | залив, губа:
293	собраться	данделъизе	verbs	29	57	гьудулзабигун данделъана = друзья встретились	собираться, собраться | соединяться, соединиться | встречаться, встретиться | спариваться, спариться
294	среда	арбагӀ	nouns	7	21	арбагӀ къо = среда	
295	легко	тӀутӀ	adverbs	86	166	тӀутӀ чӀвазе = уничтожить муху	
296	волос	рас	nouns	115	179	рас тӀезе = заставить раскошелиться; волос вырвать	
297	страшный	гӀасияб	adjs	28	28	гӀасияв чи = богохульствующий человек, вероотступник	свирепый, жестокий | страшный, ужасный | истошный | очень сильный, громадный
298	оружие	ярагъ	nouns	77	143	хирияб ярагъ = дорогое оружие	
299	понравиться	хиралъизе	verbs	17	24	нижее дов хиралъана = он полюбился нам, мы полюбили его	становиться, стать дороже | понравиться, полюбиться кому-либо
300	ветер	гьури	nouns	161	225	гьури пуна = подул ветер	ветер | ревматизм, радикулит | газы (выпускаемые из кишечника), ветры
301	зрение	канлъи	nouns	97	165	дир канлъи = милый мой	свет, освещение | зрение
302	выполнять	тӀубазабизе	verbs	31	32	амру тӀубазабизе = исполнить распоряжение	кончать, (о)кончить | выполнять, выполнить
303	огонь	цӀа	nouns	418	539	цӀа базе = разложить костёр	огонь | костёр | пожар | пламя
304	общественный	жамагӀаталъул	adjs	27	44	жамагӀаталъул боцӀи = общественный скот	
305	понятие	бичӀчӀи	nouns	5	19	бичӀчӀи кьезе = дать понятие, разъяснить	понятие | чутьё, чувство
306	немного	дагьалъ	adverbs	31	87		
307	ухо	гӀин	nouns	102	319	гӀин кьуризе = драть за ухо	
308	вздохнуть	угьизе	verbs	5	39	хӀухьел угьизе = выдохнуть [воздух]	
309	грудь	керен	nouns	69	93	керен кьезе = давать грудь	грудь | женская грудь | грудь, перед (рубашки и тому подобное)
310	нос	мегӀер	nouns	178	336	кӀудияб мегӀер = крупный нос	гора | нос | выделения из носа, сопли
311	детский	лъимерлъиялъул	adjs	8	23	лъимерлъиялъул сонал = детские годы	
312	страх	хӀинкъи	nouns	72	117	хӀинкъи кьей = угроза	боязнь, страх | боязливость, трусливость | опасность, угроза
313	двигаться	хьвадизе	verbs	79	147	хьвадизе лъазе = уметь вести себя	ходить, идти | (по)гулять | (по)искать что-либо
314	радость	рохел	nouns	52	169	рохали асар = чувство радости	радость, отрада | веселье, ликование
315	рано	хекко	adverbs	32	61	хекко вачӀа = быстрее приходи	быстро, быстрее | рано
316	лето	рии	nouns	118	220	рии чӀана = лето началось	
317	чужой	чияр	adjs	143	221	чияр чи = чужой человек (не родственник); посторонний человек	
318	рот	кӀал	nouns	272	340	кӀал базе = задеть, поддеть, укусить	рот, уста | пасть | глоток | отверстие, устье
319	содержать	хьихьизе	verbs	42	85	бече хьихьизе = содержать телёнка	содержать, выращивать | кормить, откармливать | заводить, завести кого-либо
320	собака	гьой	nouns	105	164	чанил гьой = охотничья собака	собака, пёс | собака, пёс
321	камень	гамачӀ	nouns	135	236	ганчӀикь ицц = родник, выбивающий из-под камня	
322	привыкнуть	ругьунлъизе	verbs	37	48	хӀалтӀизе ругьунлъизе = привыкать к работе, научиться работать	привыкать, привыкнуть | приручаться, приручиться | осваиваться, приспосабливаться | привязываться, привязаться к кому-чему-либо
323	река	гӀор	nouns	173	417	хехаб гӀор = бурная река	
324	чистый	бацӀцӀадаб	adjs	37	60	яцӀцӀадай яс = честная девушка	чистый | чистый, не содержащий примесей | чистый, прозрачный | невинный, невиновный
325	здание	мина	nouns	143	349	мина базе = (по)строить дом, жилище	
326	несмотря	букӀаниги	adverbs	10	116	букӀаниги кӀваричӀо = ничего; пусть так будет	
327	подготовка	хӀадурлъи	nouns	16	23	гӀураб хӀадурлъи = полная подготовка	подготовка, приготовление | готовность, подготовленность
328	измениться	хисизе	verbs	92	249	бакӀ хисизе = изменить место	меняться, измениться | менять, изменить | менять, обменивать
329	лист	тӀамах	nouns	56	71	тӀамах базе = покрываться, покрыться листвой; распускать, распустить листья	лист (растения), листок | лист
330	хозяйство	магӀишат	nouns	60	116	магӀишат гьабизе = заниматься хозяйством	бытовые условия, жизненный уровень | хозяйство
331	научный	гӀелмияб	adjs	22	58	гӀелмияб идара = научное учреждение	
332	снег	гӀазу	nouns	165	204	гӀазу хъвазе = сгребать снег, очищать от снега	
333	висеть	базе	verbs	773	1285	кьо базе = проложить, построить мост	висеть | строиться, быть построенным | (на)сыпаться, засыпаться | быть запряжённым
334	деревня	росу	nouns	299	3762	росу тезе = покинуть село	
335	дома	рокъоб	adverbs	155	318	рокъоса чи = домочадец; человек из дома	
336	победа	бергьенлъи	nouns	39	398	бергьенлъи щвезе = побеждать	победа | успех
337	старший	цӀикӀкӀараб	adjs	16	105	цӀикӀкӀарай яц = старшая сестра	старший | старый, пожилой | большой, превосходный | долгий
338	источник	ицц	nouns	131	312	ицц бакъван буго = родник иссяк	
339	подать	бегьизе	verbs	151	1222	квер бегьизе = протянуть руку	быть, стать вероятным | подавать, подать | годиться, быть годным для чего-либо
340	звезда	цӀва	nouns	40	74	цӀва баккана = звезда зашла	астр звезда | звезда, звёздочка
341	сестра	яц	nouns	154	257	инсул яц = сестра отца, тётя по отцу	
342	отправиться	къокъине	verbs	16	29	гьанже дун къокъине къо щолеб буго = приближается день моей смерти; приближается день, когда я отправлюсь	отправляться, отправиться | умирать, отправиться на тот свет
343	карман	киса	nouns	63	113	каранда киса = нагрудный карман	карман | табакерка
344	личный	гьумералъул	adjs	8	36	гьумералъул цӀарубакӀ = личное местоимение	род. | личный
345	работник	хъулухъчи	nouns	10	51		служащий | слуга, работник
346	завтра	метер	adverbs	109	233	метер вачӀа = приходи завтра	
347	выборы	рищи	nouns	9	69	рищи гьабизе = провести выборы	
348	гореть	рекӀине	verbs	97	131	цӀа рекӀун буго = огонь горит	
349	бутылка	шиша	nouns	31	38	бащдаб шиша = пол-бутылки	
350	теория	мазгьаб	nouns	8	35	цо мазгьаб кквезе = придерживаться одного толка	учение, секта | доктрина, теория | принцип
351	свободный	эркенаб	adjs	13	207	эркенаб яшав = свободня жизнь, привольное житьё	
352	зуб	ца	nouns	418	539	цаби хиси = смена зубов	зуб (передний), резец | зуб, зубец (пилы
353	испытывать	хӀалбихьизе	verbs	19	25	моторалъул хӀалбихьизе = испытать мотор	(по)пробовать, опробовать что-либо | испытывать, испытать кого-что-либо
354	личность	напс	nouns	8	16	напс борхизаби = культ личности	
355	мало	дагь	adverbs	52	152	дагь гьабизе = уменьшить	
356	товар	къайи	nouns	101	239	гӀиял къайи = стойбище отары	товар, товары | груз, кладь | утварь, скарб | стойбище отары, место гуртования
357	рабочий	хӀалтӀул	adjs	40	68	хӀалтӀул къо = рабочий день	
358	праздник	байрам	nouns	45	669	байрамалде ине = пойти на праздник	
359	подниматься	бахине	verbs	130	302	кьо бахине = переехать мост	подниматься, подняться куда-либо | лезть, взбираться | расти (вверх), становиться выше | переправляться, переправиться через что-либо
360	влияние	асар	nouns	108	480	асар гьабизе = (по)влиять; оказывать, оказать влияние	влияние, действие | след | произведение
361	удовольствие	кеп	nouns	40	59	копол чи = весельчак	кайф, веселье | удовольствие, наслаждение
362	бороться	къеркьезе	verbs	31	73	эркенлъиялъе гӀоло къеркьезе = бороться за свободу	бороться, вести борьбу за что-либо и с кем-чем-л | бороться, соревноваться с кем-либо | стараться, напрягать силы
363	слеза	магӀу	nouns	54	70	магӀу тӀезе = проливать слёзы по ком-либо; реветь белугой	слеза, слёзы | плач (по покойнику), оплакивание | плач, элегия
364	глубокий	гъваридаб	adjs	53	112	гъваридав чи = умный человек; вдумчивый человек	глубокий | глубокий, основательный
365	ответственность	жавабчилъи	nouns	5	25	жавабчилъи гьечӀого = безответственно	
366	вновь	цӀи	adverbs	171	282	цӀи гьабизе = обновлять, обновить; возобновлять, возобновить	
367	учитель	мугӀалим	nouns	32	59	тӀоцеесей мугӀалим = первая учительница	
368	отправить	битӀизе	verbs	89	101	битӀун ине = высылать, выслать; отсилать, отослать	отправлять, отправить | выпрямляться, выпрямиться | исправляться, исправиться | повезти, принести
369	боль	унти	nouns	155	383	унти ккей = болезненность	болезнь, заболевание | боль
370	особенность	хаслъи	nouns	9	49	гьеб хӀалтӀул хаслъи = особенность этой работы	
371	долгий	гӀемераб	adjs	132	202	гӀемераб мех = значительное время	многочисленный, многократный | много, уйма | многое
372	корабль	гама	nouns	59	97	ахӀул гама = спасательное судно	судно, корабль | лодка | миска, тарелка
373	болеть	унтизе	verbs	45	68	лъимер унтана = ребёнок захворал	(за)болеть, заболевать | болеть, ныть | задевать, задеть
374	звук	сас	nouns	41	56	сас гьечӀеб = беззвучный, безмолвный; тихий, глухой	
375	вчера	сон	adverbs	534	5905	сон радал = вчера утром	
376	детство	лъимерлъи	nouns	13	59	талихӀаб лъимерлъи = счастливое детство	
377	прямой	битӀараб	adjs	83	139	витӀарав чи = честный человек	прямой, прямолинейный | правильный, безошибочный | прямой, точный | подлинный, истинный
378	прошлое	араб	nouns	537	3093	араб заман = прошедшее время	
379	забывать	кӀочене	verbs	12	15	цӀализе кӀочене = забыть прочитать	
380	враг	тушман	nouns	92	157	тушман гӀадин = враждебно, словно враг	
381	дед	кӀудада	nouns	49	51	ворчӀами, кӀудада! = с добрым утром, дедушка!	дедушка, дед | дедушка
382	организовать	гӀуцӀизе	verbs	39	269	бо гӀуцӀизе = снарядить войско	организовывать, организовать | учреждать, учредить что-либо | убирать, убрать | снаряжать, снарядить
383	собрание	данделъи	nouns	46	246	данделъи къазе = закрыть собрание	
384	открытый	рагьараб	adjs	43	381	рагьараб слог = открытый слог	открытый, раскрытый | открытый, доступный для всех
385	кожа	тӀом	nouns	139	804	тӀом гвагӀи = слоновая болезнь	шкура, кожа | кожа
386	плохо	квеш	adverbs	81	125	квеш букӀине = обижаться на	плохо, дурно | очень, сильно
387	знак	ишара	nouns	24	463	суал ишара = вопросительный знак	намёк, знак | метка, отметка | знак
388	дядя	даци	nouns	18	29	дацица дие кьегӀер кьуна = дядя подарил мне ягнёнка	дядя (отца или матери брат), дядя | даци
389	хлеб	чед	nouns	196	234	абгил чед = ржаной хлеб	
390	знакомый	лъалеб	adjs	66	287	лъалеб чи = знакомый человек, знакомый	
391	здоровье	сахлъи	nouns	62	403	дуе сахлъи! = твое здоровье!	здоровье | на здоровье!
392	зима	хасел	nouns	87	127	хасел бакьулъ = в середине зимы; когда зима в разгаре	зима | осень
393	постоянно	кидаго	adverbs	166	396	кидаго гӀадин = как всегда, как обычно	всегда, постоянно | никогда, сотрицательное (местоимение) глаголом.
394	глубина	гъварилъи	nouns	15	34	хӀорил гъварилъи = глубина озера	
395	нынешний	гьанжесеб	adjs	18	290	гьанжесеб заман = нынешнее время	
396	скорость	хехлъи	nouns	25	37	хехлъи гьабе = торопись	быстрота, скорость | торопливость, поспешность | проворство, расторопность
397	ошибка	гъалатӀ	nouns	32	65	гъалатӀ ккезе = ошибаться, ошибиться; дать маху; совершать, совершить просчёт	ошибка, упущение | опечатка
398	доход	рикъзи	nouns	15	23	рикъзи кьезе = наделить благами	пропитание, продовольствие | доход, надел
399	революция	инкъилаб	nouns	6	30	инкъилаб ккана = произошла революция	
400	исторический	тарихияб	adjs	21	153	тарихияб хӀукму = историческое решение	
401	колено	наку	nouns	45	61	наку чӀвазе = а) колено преклонить перед кем-либо; преклоняться перед кем-либо, кланяться кому-либо б) склониться перед чьей-либо памятью, почтить память кого-либо	колено | надколенная часть брюк | колено
402	едва	хӀалалъ	adverbs	19	40		
403	этаж	тӀала	nouns	49	88	найил тӀулби = пчелиные ульи	этаж, ярус | слой | улей | корзинка, короб
404	высота	борхалъи	nouns	40	214	минаялъул борхалъи = высота здания	
405	бабушка	кӀодо	nouns	110	155	кӀодоца нусго сон бана = старушке исполнилось сто лет	бабушка | бабушка | старушка | дедушка, дед
406	народный	халкъалъул	adjs	79	646		
407	столица	тахшагьар	nouns	17	296	Россиялъул тахшагьар = столица России	
408	способность	пагьму	nouns	10	32	пагьму бугев = способный, одарённый, талантливый	
409	спокойно	паракъат	adverbs	18	22	паракъат гьабизе = успокоить	
410	подход	къагӀида	nouns	63	224	къагӀида буго = видимо	манера, подход | возможность, благоприятность | образ | правило, положение
411	пустой	бошаб	adjs	0	0	бошабаб бакӀ = пустое место	
412	энергия	гуч	nouns	71	95	ччорбазул гуч = сила мышц	сила, мощь | мощность | состоятельность, зажиточность
413	существование	рухӀ	nouns	174	446	рухӀ лъезе = воскреснуть, оживить, вздохнуть жизнь, душу вложить	душа | душа, жизнь | сила, мочь | душа
414	сожаление	гурхӀел	nouns	14	20	гурхӀел тун = безжалостно, беспощадно, немилосердно	
415	улыбка	гьими	nouns	7	21	лъимадул гьими = улыбка ребёнка	
416	судебный	судалъул	adjs	12	32	судалъул гӀел = судебный исполнитель	
417	сосед	мадугьал	nouns	77	129	лъикӀав мадугьал = добрый сосед	
418	вскоре	кватӀичӀого	adverbs	22	42	кватӀичӀого вачӀа = приходи без опоздания	без опоздания | вскоре
419	список	сияхӀ	nouns	11	429	тӀахьазул сияхӀ = перечень книг	
420	долг	борч	nouns	21	93		
421	животное	хӀайван	nouns	59	205	гӀалхул хӀайван = дикое животное, зверь	
422	немецкий	немцазул	adjs	7	30	немцазул ракь = немецкая земля	
423	остров	чӀинкӀиллъи	nouns	6	23	гӀурул чӀинкӀиллъи = островок на реке	
424	волна	карачел	nouns	13	20	ралъдал карачел = морская волна	волна | волна
425	уж	ГӀуж	adverbs	81	96	роол гӀуж = летнее время	
426	красота	берцинлъи	nouns	53	109	берцинлъи бихьулищ! = какая красота!	
427	золотой	меседил	adjs	80	225	меседил рахас = золотая цепочка	золотой | золотой
428	птица	хӀинчӀ	nouns	87	115	хӀинчӀ гӀадин = как птица, словно птица	
429	тень	рагӀад	nouns	25	30	рагӀад бугеб = тенистый	
430	запах	махӀ	nouns	267	1423	махӀ лъай = нюх; обоняние	
431	водка	гӀаракъи	nouns	24	31	гӀаракъи тезе = бросить пить	
432	городской	шагьаралъул	adjs	43	404	шагьаралъул халкъ = городские жители, горожане	
433	одежда	ретӀел	nouns	144	163	хинаб ретӀел = тёплая одежда	одежда, платье | обмундирование, форма
434	неожиданно	тохлъукье	adverbs	15	34	тохлъукье вачӀине = явиться неожиданно	
435	кресло	тахбакӀ	nouns	7	20	тамахаб тахбакӀ = мягкое кресло	
436	больной	унтарав	nouns	40	62	унтарав кьижун ккана = больной заснул	
437	ладонь	хъат	nouns	63	88	хъат базе = оцарапать; ударить лапой; (по)царапать	ладонь | пригоршня | апплодисменты
438	любимый	бокьараб	adjs	43	164	йокьарай яс = любимая девушка	любимый | любой, какой хочешь
439	сведение	баян	nouns	56	497	баян кьезе = дать разъяснение, сделать примечание	
440	цветок	тӀегь	nouns	173	204	тӀегь хьон = семена цветов	цветок | цветы
441	наоборот	мекъса	adverbs	17	23	мекъса ккезе = заблуждаться, забдудиться	неправильно, превратно | наоборот | ошибочно
442	занятие	пиша	nouns	17	98	пиша рекъезе = иметь возможность, суметь	ремесло, профессия | дело, деяние
443	родной	инсул	adjs	146	301	инсул мина = отчий дом	отцовский, отчий | родной
444	весна	их	nouns	329	1335	хинаб их = тёплая весна	
445	известие	хабар	nouns	303	1078	хабар лъазе = узнать о ком-чём-либо	весть, известие | разговор, беседа | повествование, повесть | молва, сплетни
446	охрана	хъаравуллъи	nouns	8	17	хъаравуллъи кквезе = выслеживать, выследить; выжидать	охрана, караул | выслеживание, слежка
447	расход	харж	nouns	24	122	харж кьезе = выдать зарплату	расход, издержки | жалованье, заработная плата | дань, подать
448	западный	бакътӀерхьул	adjs	11	242	бакътӀерхьул рахъ = западная сторона, запад	западный | западный
449	переход	гьижра	nouns	10	38	гьижра гьабизе = переселиться	хиджра | переселение, переход
450	вниз	эхебе	adverbs	27	44	эхеве вачӀа = спускайся вниз; приходи вниз	вниз | вниз по
451	родина	ватан	nouns	80	185		
452	тайна	балъголъи	nouns	21	47	балъголъи лъалев чи = ясновидец; пророк	
453	трава	хер	nouns	237	326	хер кьезе = дать отраву, отравить	трава | сено | зельё, отрава | порох
454	холодный	цӀорораб	adjs	37	49	цӀорораб къо = морозный день	
455	имущество	боцӀи	nouns	85	111	боцӀул тохтур = ветеринар	скот, скотина | имущество, состояние
456	сомнение	щаклъи	nouns	15	56	щаклъи ккезе = подозревать кого-либо в чём-либо	
457	явно	загьир	adverbs	30	253	загьир гьабизе = (с)делать явным, очевидным; проявить; выявить; обнародовать	
458	рыба	ччугӀа	nouns	63	81	цӀияб ччугӀа = свежая рыба	
459	левый	квегӀаб	adjs	33	81	квегӀаб бер = левый глаз	левый | левый
460	чудо	гӀаламат	nouns	19	59	гӀаламат гьабураб = меченый	знак, признак | чудо, диво
461	шея	габур	nouns	73	89	габур кквезе = схватить за шиворот	шея | ворот, воротник | горло, горлышко
462	крыша	тӀох	nouns	28	34	тӀох бакьулъ = посреди крыши	крыша | крышка, покрышка | матерчатый верх папахи, тулья
463	поток	ихх	nouns	37	70	мугӀрул ихх = горный поток	
464	частый	ризаб	adjs	23	34	ризаб рас = густые волосы	густой, частый | частый
465	честь	яхӀ	nouns	90	190	яхӀ хун = с нетерпением	честь, достоинство | терпение, выносливость
466	поздно	нахъа	adverbs	354	1103	нахъа бицина дуда = потом расскажу тебе	после, потом | поздно
467	дождь	цӀад	nouns	190	239	кутакаб цӀад = сильный дождь	
468	лестница	мали	nouns	17	30	цӀулал мали = деревянная лестница	лестница | остов, рама | носильки (для переноски больных), погребалные носилки
469	появление	лъугьин	nouns	13	50	рагӀи лъугьин = словообразование	вход, вхождение | образование, появление | выделывание, выделка
470	тонкий	тӀеренаб	adjs	28	41	тӀеренай яс = тоненькая девочка	тонкий, тоненький | тонкий, тоненький | утончённый, мягкий
471	осень	хасалихълъи	nouns	44	59	кватӀараб хасалихълъи = поздняя осень	
472	ценность	къимат	nouns	123	325	къимат хвезе = потерять ценность	цена, ценность | оценка | отметка, оценка | авторитет, имидж
473	понятно	баян	adverbs	56	497	баян гьабизе = вносить определёность, ясность; объяснять, объяснить; разъяснять, разъяснить; выяснять, выяснить	
474	обязанность	налъи	nouns	31	55	налъи кьезе = возвращать долг	долг, задолженность | долг, обязанность
475	мелкий	гӀисинаб	adjs	26	32	гӀисинаб гӀел = молодое поколение	мелкий, некрупный | маленький, малый | мелкий, частый
476	вино	жа	nouns	41	51	жа гьабизе = делать вино	
477	лошадь	чу	nouns	379	492	лъикӀаб чу = добрый конь	
478	ученик	цӀалдохъан	nouns	40	60	кӀиабилеб классалъул цӀалдохъан = ученик второго класса	учащийся и учащаяся, ученик и ученица | читатель и читательница
479	подруга	дандияб	nouns	12	22	дандияй гьудул = возлюбленная, любимая подруга	
480	английский	ингилис	adjs	5	152	ингилис мацӀ = английский язык	
481	приказ	амру	nouns	56	91	амру гьабизе = приказать, повелевать; дать приказ, распоряжение; наказывать делать; побуждать, побудить к чему-либо	приказ, распоряжение | дело | заповедь | власть
482	настолько	гьедигӀан	adverbs	15	21	гьедигӀан кватӀуге нуж = не опаздывайте настолько	
483	жертва	къурбан	nouns	24	107	къурбан хъвей = жертвоприношение	жертва | жертвенное животное | курбан
484	спор	къец	nouns	39	233	къецалде ахӀизе = вызывать на соревнование	спор, ссора | соревнование, соперничество
485	вкус	мегӀ	nouns	62	148	мегӀ гьечӀеб = а) невкусный	вкус | мягкотелый
486	постоянный	даимаб	adjs	16	33	даимаб зигара = постоянные жалобы	
487	лоб	нодо	nouns	25	32	гӀебаб нодо = широкий лоб	
488	ключ	кӀул	nouns	19	30	кӀул бахчизе = спрятать ключ	ключ, отмычка | ключ
489	несколько	чанго	adverbs	78	544	чанго нухалъ = несколько раз, многожды	
490	бок	хьибил	nouns	23	33	хьибил цун = бок о бок; под боком, в двух шагах, под [самым] носом	бок | бок | сторона, боковая часть
491	тихий	сасараб	adjs	19	21	сасараб къо = безветренный день	беззвучный, безмолвный | безветренный, тихий
492	перевод	таржама	nouns	32	96	лъикӀаб таржама = хороший первод	
493	кусок	ругӀел	nouns	195	1421	гьанал ругӀел = кусок мяса	
494	польза	пайда	nouns	69	211	пайда ккезе = идти в пользу	
495	звонок	цӀумур	nouns	41	43	цӀумур базе = а) повесить бубенец	
496	отечественный	ватӀанияб	adjs	17	35	КӀудияб ВатӀанияб рагъ = Великая Отечественная война	
497	тюрьма	туснахъ	nouns	8	35	туснахъ гьави = заточение, заключение; арест	тюрьма | арестант, заключённый
498	много	гӀемер	adverbs	301	597	гӀемер гьабизе = много (с)делать	много, многократно | намного, значительно
499	просьба	гьари	nouns	55	195	гьари базе = упрашивать, (по)просить, выявить просьбу; умолять, молить	
500	царь	пача	nouns	57	173	гӀурус пача = русский царь	
501	смех	релъи	nouns	13	17	кутакаб релъи = сильный смех	
502	прежний	цебесеб	adjs	37	291	цебесеб сон = предыдущий год	прежний | передний | предыдущий | прошлый
503	беда	балагь	nouns	85	240	лъадал балагь = бедствие от воды	беда, несчастье | лишение, тягость
504	масло	нах	nouns	78	144	щарил нах = сливочное масло	масло | мозг | мазь, механическое масло | масло, жир
505	высоко	тӀадегӀан	adverbs	14	25	тӀадегӀан лъезе = положить выше	высоко, выше | выше
506	урок	дарс	nouns	134	252	дарс кьезе = проводить урок	
507	женский	руччабазул	adjs	32	142	руччабазул ретӀел = женская одежда	
508	крик	ахӀи	nouns	54	81	ахӀи базе = звать на помощь; кричать караул; кликнуть клич	зов, крик | возглас, шум | призыв | тревога
509	инструмент	алат	nouns	20	89	хӀалтӀул алат = орудие труда	
510	дно	тӀину	nouns	24	31	росол тӀину = днище лодки	дно, днище | очень глубокий, бездонный
511	мясо	гьан	nouns	201	280	чол гьан = конина	
512	божий	бичасул	adjs	16	24	бичасул цӀоб = божья милость	
513	знакомый	лъалеб	nouns	66	287	лъалеб чи = знакомый человек, знакомый	
514	вверх	эхеде	adverbs	54	88	эхеде боржине = лететь вверх	вверх, наверх | вверх по
515	потребность	кӀвар	nouns	91	264	кӀвар кьун = уделив внимание, внимательно	забота, беспокойствие о ком-чём-либо | надобность, потребность | ценность, значимость | внимание
516	увеличение	кӀодолъи	nouns	25	32	дур тӀоргъол кӀодолъи щиб = какая большая у тебя папаха	увеличение, рост | величина | величие | старение
517	дурак	гӀабдал	nouns	23	26	гӀабдал хӀазе = прикидываться дурачком	сумасшедший, умалишённый | глупец, простофиля
518	естественный	тӀабигӀияб	adjs	5	19	тӀабигӀияб газ = природный газ	естественный, натуральный | обыденный
519	поездка	сапар	nouns	73	310	халатаб сапар = долгое путешествие	
520	мероприятие	тадбир	nouns	36	574	тадбир бугев = аккуратный, распорядительный, порядочный	мероприятие, мера | аккуратность, распорядительность
521	вокруг	сверухъе	adverbs	21	27	сверухъе бакӀ = окружающая местность, окрестность, окрестности	кругом, вокруг | вокруг
522	сезон	гӀуж	nouns	81	96	роол гӀуж = летнее время	
523	железный	маххул	adjs	59	150	маххул чу = трактор	железный | жестяной | металлический
524	издание	басма	nouns	8	54	кӀиабилеб басма = второе издание	печатание, издание | издание
525	объединение	цолъи	nouns	36	186	цолъул форма = единственное число	
526	человечество	дуниял	nouns	155	207	тӀолго дуниял = весь мир	мир, свет | мир, человечество | жизнь, житьё | погода
527	разрешение	изну	nouns	34	91	изну кьезе = разрешать, разрешить; позволять, позволить; дозволять, дозволить	
528	горячий	бухӀараб	adjs	23	27	бухӀараб би = горячая кровь	горячий, жгучий | жаркий, знойный
529	запас	нахърател	nouns	11	30	нахърателал гьаризе = сделать запасы, запасать	
530	пора	мех	adverbs	460	1111	кватӀараб мех букӀана = было позднее время	
531	длина	халалъи	nouns	39	143	кварил халалъи = длина верёвки	длина | долгота, протяжённость
532	крыло	кваркьи	nouns	43	53	хъазил кваркьи = гусиное крыло	крыло, крылишко | авиа крыло
533	доска	хъарщи	nouns	46	66	хъорщотӀа лъезе = поставить на полку	доска, тесина | полка | афиша
534	серый	цӀахӀилаб	adjs	16	17	цӀахӀилаб чу = лошадь серой масти	
535	грех	мунагь	nouns	49	149	мунагь гьаби = прегрешение	
536	нож	нус	nouns	97	208	носол бал = лезвие ножа	
537	тяжело	бакӀ	adverbs	700	3193	бакӀ гьабизе = утяжелить, сделать тяжёлым, грузным	
538	страсть	гӀишкъу	nouns	6	7	гӀишкъул кор = огонь страсти	
539	опасный	гьалагаб	adjs	21	31	гьалагав чи = буйный человек	гибельный, опасный | взволнованный, страстный | резвый
540	разница	батӀалъи	nouns	17	61	батӀалъи щиб? = какая разница?	различие, разница | отличительная черта, особенность
541	слабый	загӀипаб	adjs	12	15	загӀипаб лъай = слабое знание	
542	соответственно	рекъон	adverbs	159	2216	къотӀиялда рекъон = согласно договору	
543	яркий	гвангъараб	adjs	17	39	гвангъараб гьумер = светлое лицо	от | светлый, яркий
544	сверху	тӀадехун	adverbs	9	30	тӀадехун гӀазу буго = наверху лежит снег	наверху, сверху | выше
545	летний	роол	adjs	35	64	роол гӀуж = летняя пора; летний период	
546	лесной	рохьил	adjs	80	111	рохьил кету = лесной кот	лесной | дикий
547	редко	нагагь	adverbs	18	52	нагагь цӀад бани = если [вдруг] дождь пойдёт	изредка, редко | неожиданно, внезапно
548	умный	гӀакъилаб	adjs	3	7	гӀакъилав чи = мудрый человек, мудрец	
549	широко	гӀатӀид	adverbs	13	70	гӀатӀид гьабизе = расширять, расширить; (с)делать широким или шире; (с)делать просторным	
550	северный	севералъул	adjs	16	18	севералъул чи = северянин	северный | северо-
551	ясный	роцӀараб	adjs	24	25	роцӀараб зоб = ясное небо	
552	заранее	цебеккунго	adverbs	7	20	цебеккунго лъазабизе = заранее сообщить	
553	милый	бокьулеб	adjs	46	99	бокьулев чи = любитель	
554	похоже	релълъун	adverbs	17	30	долда релълъун = подобно тому	
555	светлый	канаб	adjs	16	39	канабв чи = зрячий человек	светлый, освещённый | зрячий
556	узкий	къваридаб	adjs	22	45	къваридаб къо = печальный день	узкий, тесный | горестный, грустный | трудный, затруднительный | капризный, раздражительный
557	весело	авадан	adverbs	11	28	аваданго гӀумру тӀамизе = провести жизнь весело	
558	древний	некӀсияб	adjs	20	180	некӀсияб си = старинная башня	давный, давно минувший | старый, старинный
559	вслед	хадуб	adverbs	353	1712	боржун хадуб = после того, как улетел	сзади, позади | потом, после | после того, как… | за кем-чем-либо
560	задний	нахъисеб	adjs	29	116	нахъисеб къо = следующий день	задний | следующий, другой
561	здоровый	сахаб	adjs	8	17	сахаб гӀус = здоровый зуб	здоровый, не больной | сильный, крепкий телом | хороший, добрый | добротный, качественный
562	глубоко	гъварид	adverbs	20	37	гъварид гьабизе = сделать глубоким, углубить	глубоко | глубоко, основательно
563	литературный	адабияталъул	adjs	31	168	адабияталъул асарал = литературные произведения	
564	зря	чӀобого	adverbs	13	21	чӀобого тезе = оставить безвозмездно	пусто | зря, без пользы | бесплатно, безвозмездно | порожняком
565	острый	бегӀераб	adjs	24	27	бегӀераб заз = острая колючка	острый | остроконечный, конический | острый, проницательный
566	богатый	бечедаб	adjs	57	140	бечедав чи = богатый человек; богач	богатый, состоятельный | обильный | благодатный
567	чисто	бацӀцӀад	adverbs	32	42	бацӀцӀад гьабизе = а) (по)чистить, вычистить, расчистить; очистить	чисто, в чистоте | чисто, правильно | аккуратно, опрятно | честно, безупречно
568	мягкий	тамахаб	adjs	32	56	тамахав чи = кроткий человек; слабохарактерный человек	мягкий, нежёсткий | нежный, мягкий | кроткий, слабый
569	ныне	гьанже	adverbs	295	668	гьанже заман = нынешнее время	
570	ночной	сардил	adjs	40	52	сардил макьу = ночной сон	
571	толстый	бицатаб	adjs	25	34	бицатаб кун = толстая нитка	
572	напротив	гӀаксалда	adverbs	8	17	гӀаксалда ккана = случилось наоборот	
573	бедный	пакъир	adjs	10	29	гӀай, пакъиря! = ох, бедняга!	бедный, жалкий | бедняга, бедненький
574	жалко	мискин	adverbs	19	42	мискин гьабизе = обеднять, делать бедным; разорить, довести до нищеты	
575	верхний	тӀасияб	adjs	31	118	тӀасияб рахъ = поверхность, верхняя сторона	верхний | следующий
576	лишний	тӀокӀаб	adjs	44	55	тӀокӀаб гӀарац = лишние деньги	излишний, лишний | превосходный | остальной, другой | больше, дальше
577	верно	битӀун	adverbs	60	84	битӀун буго = в ответах, репликах правда, верно, правильно	правдиво, открыто | правильно, верно | точно, истинно | справедливо, объективно
578	морской	ралъдал	adjs	60	409	ралъдал квачӀ = морской залив	
579	крепко	щула	adverbs	39	133	щула гьабизе = упрочить, закрепить, подкрепить	
580	нижний	гъоркьияб	adjs	23	167	гъоркьияб авал = нижний квартал	нижний, находящийся внизу | нижестоящий
581	сухой	бакъвараб	adjs	58	93	бакъвараб хер = сено	сухой | вяленый | худой | черствый
582	близко	аскӀоб	adverbs	98	223	гъотӀода аскӀоб = у дерева	рядом, возле | около, возле
583	синий	хъахӀилаб	adjs	41	52	хъахӀилаб зоб = голубое небо	
584	внизу	гъоркь	adverbs	384	1047	гъоркь тезе = оставить внизу; оставить, не забирая с собой	внизу, чем-либо | иметь запас, иметь что-либо про запас | свалить, повалить под себя | подводить, подвести кого-либо
585	сегодняшний	жакъасеб	adjs	22	131	жакъасеб къо = сегодняшний день	
586	трудный	захӀматаб	adjs	27	46	захӀматав чи = человек с тяжёлым характером	трудный, сложный | тяжёлый
587	тщательно	мухӀкан	adverbs	15	48	мухӀкан гьабизе = конкретизирвать	тщательно, аккуратно | чётко, ясно
588	мощный	кутакаб	adjs	55	107	кутакаб гьури = сильный ветер, ураган	сильный, мощный | влиятельный | изрядный, порядочный
589	деревянный	цӀулал	adjs	72	78	цӀулал бох = деревянная нога	деревянный | древесный | дровяной
590	полезный	пайдаяб	adjs	11	48	пайдаяб иш = выгодное дело	
591	дальний	рикӀкӀадаб	adjs	14	16	рикӀкӀадаб бакӀ = отдалённое место, даль	
592	домашний	рукъалъул	adjs	122	252	рукъалъул гьве = дворовая собака, дворняжка	домашний | домашний, не дикий | комнатный | дворовый
593	крепкий	щулияб	adjs	27	127	щулияб рагӀи = твёрдое слово; крепкое слово	
594	культурный	маданияб	adjs	6	88	маданияб рахъ = культурная сторона	
595	круглый	гургинаб	adjs	37	51	гургинаб чед = круглый хлеб, каравай	круглый, округлый | целый
596	понятный	баянаб	adjs	6	22	баянаб ачу = явное злонамерение	
597	мужской	бихьиназул	adjs	21	46	бихьиназул ретӀел = мужская одежда	
598	больной	унтарав	adjs	40	62	унтарав кьижун ккана = больной заснул	
599	совместный	цадахъаб	adjs	15	48	цадахъаб сапар = совместная поездка	
600	семейный	хъизамалъул	adjs	8	109	хъизамалъул къиркъар = семейные раздоры	
601	природный	тӀабигӀаталъул	adjs	15	38	тӀабигӀаталъул шартӀал = природные условия	
602	учебный	цӀалул	adjs	23	48	цӀалул сон = учебный год	
603	обязательный	тӀадаб	adjs	13	26	тӀадаб хӀалтӀи = обязательная работа	
604	партийный	партиялъул	adjs	18	75	партиялъул гӀуцӀаби = партийные организации	
605	сельский	росдал	adjs	255	3213	росдал гӀел = сельский глашатай, чауш	
606	южный	югалъулаб	adjs	5	47	югалъулаб бащдаб шар = южное полушарие	
607	согласный	рагьукъаб	adjs	5	65	рагьукъаб гьаракь = согласный звук	
608	спортивный	спорталъул	adjs	9	140	спорталъул къец = спортивное соревнование	
609	мокрый	биччараб	adjs	35	94	биччараб ракь = сырая, мокрая земля	
610	театральный	театралъул	adjs	16	102	театралъул афиша = театральная афиша	
611	воздушный	гьаваялъул	adjs	16	42	гьаваялъул чвахи = воздушное течение	
612	религиозный	динияб	adjs	10	87	динияб вагӀза = религиозная проповедь	
613	грязный	хъубаб	adjs	21	26	хъубав чи = неопрятный человек	грязный, загрязнённный | неопрятный, нечистоплотный | грязный, мерзкий | подлый, дурной
614	земной	дуниялалъул	adjs	23	35	дуниялалъул рагъ = мировая война	земной | мировой
615	привычный	ругьунаб	adjs	20	28	ругьунаб пиша = привычное ремесло	привычный | прирученный к чему-либо
616	при конкретное (числительное) сч	цо	verbs	1535	4973	цо чанго = несколько	при конкретное (числительное) счёте один, одно | употребляется в качестве определения | употребляется в значении неопред. местоимения один, некий | употребляется в-ка, пожалуйста (располагается в предл. после повелительных форм
617	вперёд	цебе	adverbs	502	1479	берда цебе = перед глазами; на глазах; на виду	вперёд | раньше, прежде | с деепричастиями некоторых глаголов выступает в значении прежде чем…, перед | перед кем-чем-либо, у чего-либо
618	наверх, наверху	тӀад	adverbs	895	1420	тӀае ине = а) пойти наверх	наверх, наверху | догадаться предать забвению | всплыть, от кого-либо | отправить на тот свет, свести в могилу
619	там, тут	гьениб	adverbs	205	1257	гьениб те = оставь(те) там	
620	касание	хъвай	verbs	147	861	хер хъвай = косьба трав, сенокос	касание | сгребание чего-либо, засыпание (землёй) | писание, письмо | сочинение чего-либо
621	три	лъабго	num	175	737	лъабго сон = три года	
622	этак, так	гьедин	adverbs	170	637	гьедин буго = так и есть	
623	два	кӀиго	num	260	632	кӀиго сапун = два мыла	
624	который называется	абулеб	verbs	84	566		
625	здесь, тут	гьаниб	adverbs	227	442	гьанибго те = оставь(те) здесь же	
626	почему, отчего	щай	adverbs	201	418	щай мун инчӀев? = почему ты не уехал?	почему, отчего | зачем, для чего
627	как, каким образом	кин	adverbs	159	417	кин кканиги = как бы ни было, на всякий случай	
628	ещё, ещё один	цоги	adverbs	114	391	цоги нухалъ абе = скажи ещё раз, повтори	ещё, ещё один | другой, иной
629	где	киб	adverbs	219	383	мун киса? = ты откуда (родом)?	
630	когда, также переводится предлог	мехалда	adverbs	75	382	цо-цо мехалда = иногда, иной раз; в отдельных случаях	
631	пять, пяти	щуго	num	149	376	щуго яц = пять сестёр	
632	приемлимо, удовлетворительно	къабул	adverbs	72	375	къабул гьабизе = а) оказать прием, принимать	
633	бело	хъахӀ	adverbs	106	369	хъахӀ бахъине = становиться, стать белым; (по)белеть	
634	узость, теснота	къварилъи	verbs	66	364	къварилъи чучизе = излить душу; горе облегчить	узость, теснота | неудобство, затруднение | грусть, печаль | неудобство, стеснение
635	ширина	гӀатӀилъи	verbs	16	332	нухлул гӀатӀилъи = ширина дороги	ширина | широта, простор | приволье, свобода
636	готово, наготове	хӀадур	adverbs	89	304	хӀадур гьаби = подготовка, приготовление, заготовка, изготовление	
637	вне дома, вне помещения	къватӀиб	adverbs	169	272	къватӀибе ине = уходить; выходить	вне дома, вне помещения | на чужбине, на чужой стороне
638	третий	лъабабилеб	num	28	252	лъабабилев вас = третий сын	
639	поочередной, поочерёдный	иргадулаб	nouns	11	251	иргадулал рищиял = очередные выборы	поочередной, поочерёдный | смерть
640	вечером, сегодня вечером	къаси	adverbs	106	241	къаси рогьинегӀан = всю ночь, до утра	
641	один, только один	цохӀо	num	58	239	цохӀого цо = единственно, только	
642	другой, иной	цогидаб	nouns	35	227	цогидаб нух = другая дорога, иной путь	другой, иной | другой, иной
643	сколько	чан	adverbs	140	206	чан нухалъ? = сколько раз?	
644	дружба	гьудуллъи	verbs	58	201	гьудуллъи биххизе = разрывать дружбу	
645	…надцать, …десят	анцӀила	num	131	196	анцӀила цо = одиннадцать	
646	второй	кӀиабилеб	num	49	192	кӀиабилеб сон = второй год	
647	излишне	тӀокӀ	adverbs	31	185	тӀокӀ гьабизе = сделать превосходным; (с)экономить	излишне | превосходно
648	семь, семи	анкьго	num	51	179	анкьго нухалъ = а) семь раз, семью	
649	[вон] там	доба	adverbs	115	172	доба бугеб = находящийся там, тамошный	
650	так, в таком состоянии	гьадин	adverbs	41	165	гьадин гьабе = делай так	
651	ни один	цониги	adverbs	57	162	цониги нохъода вахчун ватила = наверно, в какой-то пещере скрывается	ни один | какой-то | хоть один | кто-нибудь, что-нибудь
652	сто	нусго	num	66	158	нусго чи = сто человек	
653	шесть, шести	анлъго	num	66	154	анлъго нухалъ = а) шесть раз, шестью	
654	сильно	кутакалда	adverbs	49	151	кутакалда квачана = сильно похолодало	сильно | очень, крайне | страшно
655	четыре	ункъо	num	49	151	ункъо вас = четыре мальчика	
656	отдельно, раздельно	батӀа	adverbs	48	149	батӀа тезе = выделить	отдельно, раздельно | особо, особенно
657	вначале	байбихьуда	adverbs	23	148		
658	летом, в летнее время	риидал	adverbs	73	145	исана риидал = нынешним летом	
659	весь, вся	тӀолго	adverbs	28	134	тӀолго улкабазул байрахъал = флаги всех стран	весь, вся | все-
660	восемь, восьми	микьго	num	55	131	микьго сордо = восемь ночей	
661	темно, мрачно	бецӀ	adverbs	75	130	бецӀ гьабизе = затемнить, сделать тёмным, мрачным	
662	начало чего-либо, почин	байбихьи	verbs	22	121	тӀохьол байбихьи = начало книги	
663	богатство, состояние	бечелъи	verbs	37	118	бечелъиялъ чи рахӀаталда толаро = богатсво не оставляет человека в покое	
664	полно, сполна	камил	adverbs	10	115	камил гьабизе = усовершенствовать	полно, сполна | камиль
665	зимой, зимою	хасало	adverbs	57	112	щибаб хасало = каждую зиму	
666	верчение, вращение	свери	verbs	42	108	росу свери = обход аула	верчение, вращение | циркуляция | обход | кастрация
667	двадцать	къоло	num	67	107	къоло ичӀго = двадцать девять	
668	четвёртый	ункъабилеб	num	25	107	ункъабилеб сон = четвёртый год	
669	неправильно, не в ту сторону	мекъи	adverbs	23	106	мекъи ккезе = заблуждаться, заблудиться	неправильно, не в ту сторону | упрямо
670	десять	анцӀго	num	64	105	анцӀго къо = десять дней; декада, десятидневка	
671	свободно, вольно	эркен	adverbs	27	105	эркенго тезе = дать волю	
672	комок, ком	къай	verbs	31	104	харил къай = связка сена	комок, ком | кусок теста, приготовленный для раскатки | связка чего-л | удерживание
673	когда-нибудь	киданиги	adverbs	49	102	киданиги рагӀичӀо дида гьеб = я никогда не слыхал об этом	когда-нибудь | с отрицательное (местоимение) глаголом никогда
674	открыто, откровенно	рагьун	adverbs	30	100	рагьунун бицине = рассказать откровенно, говорить открыто	
675	стекание, сток	чвахи	verbs	63	96	чвахукь бакӀ = место под водопадом	
676	дёргание	туркӀи	verbs	9	94		
677	вздрагивание	тӀуркӀи	verbs	9	94		
678	чесание, трепание	сами	verbs	24	93	квас сами = чесание шерсти	
679	оба, обе	кӀиябго	num	39	89	кӀиябго бер = оба глаза	
680	взамен	хисун	adverbs	20	87	хисун кьезе = дать взамен	
681	весной, весною	ихдал	adverbs	52	86	ихдаде хӀадурлъизе = готовиться к зиме	
682	голо, обнажённо	гӀицӀ	adverbs	25	85	гӀицӀ гьабизе = обнажать	
683	пятый	щуабилеб	num	23	83	щуабилей яс = пятая дочь [в семье]	
684	только, лишь	гӀицӀго	adverbs	22	82		
685	ещё раз, повторно	нахъеги	adverbs	37	81	мун нахъеги вачӀа = ты приходи ещё раз	
686	девять	ичӀго	num	50	80	ичӀго соналъ = в девять лет, за девять лет	
687	везде, всюду	кибго	adverbs	43	80	кибго батичӀо = нигде не нашёл	везде, всюду | нигде, сотрицательное (местоимение) глаголом.
688	при абстрактном счёте (о чём-либ	къого	num	50	80	къого тӀехь = двадцать книг	при абстрактном счёте (о чём-либо поддающемся счёту) двадцать | при конкретном счёте в качестве двадцать
689	коротко, кратко	къокъ	adverbs	18	78	къокъго бице = расскажи вкратце	коротко, кратко | сократить, вводн. слово.
690	ежедневно, каждый день	къойил	adverbs	41	75	къойил хӀалтӀуде ине = ходить ежедневно на работу	
691	старая	херай	nouns	27	74		старая | старуха
692	потепление	хинлъи	verbs	39	74	хинлъи бачӀана = наступило потепление	
693	поскольку	гурелъул	adverbs	31	73	мун я рекъав, я херав гурелъул, лъелго а = поскольку ты не хромой и не старый, иди-ка пешком	
694	раз так, если	кинниги	adverbs	26	73		
695	ибо так	бугелъул	adverbs	16	71		
696	узко, тесно	къварид	adverbs	31	71	къварид гьабизе = суживать, сузить; делать узким, тесным	узко, тесно | горестно, грустно | трудно, затруднительно
697	мягко, нежёстко	тамах	adverbs	56	71	тамах гьабизе = сделать мягким, смягчить	мягко, нежёстко | нежно, мягко
698	сейчас, сию минуту	гьабсагӀат	adverbs	37	70	гьабсагӀат ина дун = я сейчас уйду	
699	никак	кинго	adverbs	31	70	кинго бегьуларо = никак нельзя	
700	обмен, мена	хиси	verbs	16	70	хиси ккана = произошла перемена, изменилось	
701	укушивание	хӀанчӀи	verbs	70	70		
702	все три, все трое	лъабабго	num	25	68	лъабайго яц = все три сестры	
703	танец, пляска	кьурди	verbs	39	66	ясазул кьурди = девичий танец	
704	прошлый год, в прошлом году	гъоркьиса	adverbs	16	64	гъоркьиса ихдал = прошлой весной	
705	остальной, другой	хутӀараб	nouns	39	64	хутӀарал кире арал? = остальные куда ушли?	остальной, другой | остальной, другой
706	тайно, скрыто	балъго	adverbs	28	62	балъго тезе = скрыть, оставить в секрете	
707	засыхание	ракъдаллъи	verbs	47	62	кутакаб ракъдаллъи = сильное засыхание	засыхание | засуха, сухая пора
708	вчера вечером, вчера ночью	нолъ	adverbs	33	58	нолъ алдаса нахъе = с прошлого вечера, со вчерашнего вечера	
709	без родителей, сиротой	бесдал	adverbs	33	57	бесдал яс = падчерица	
710	сорок	кӀикъоялда	num	48	57	кӀикъоялда лъабго = сорок три	
711	шестьдесят	лъабкъоялда	num	45	56	лъабкъоялда кӀиго = шестьдесят два	
712	тоска по кому-чему-либо, большое	урхъи	verbs	8	56	урхъи буссине = тоску утолить	
713	впредь, в дальнейшем	хадубккун	adverbs	6	56	хадубккун нижеца гьединаб иш гьабиларо = в дальнейшем мы так не поступим, впредь мы такого не сделаем	
714	помолвленный парень (чей-либо), 	абурав	nouns	12	55	доле дур абурав = вот он твой жених	
715	полоскание	хули	verbs	44	55	кӀал хули = полоскание рта	
716	пальба, стрельба	кьвагьи	verbs	13	54	рохьосан кьвагьи рагӀана = из лесу послышалась стрельба	пальба, стрельба | взрыв
717	горько	кьогӀ	adverbs	20	54	кьогӀ гьабизе = (с)делать горьким	
718	тридцать	лъеберго	num	33	54	лъеберго натӀ ххамил гӀола мусруялъе = тридцать локтей материи хватает на саван	
719	восемьдесят	ункъоялда	num	43	54	ункъоялда щуго = восемьдесят пять	
720	легкость	бигьалъи	verbs	7	53	ишалъул бигьалъи = легкость дела	легкость | облегчение | льгота
721	уведомление, объявление	лъазаби	verbs	11	53	хӀакимасул лъазаби = указание начальника	уведомление, объявление | сообщение | указание
722	целиком, весь	цадахъго	adverbs	5	53	цадахъго хъизан = целиком семья, вся семья	целиком, весь | всего, в сумме
723	седьмой	анкьабилеб	num	15	51	анкьабилеб зодоб = на седьмом небе	
724	приближение, сближение	гӀагарлъи	verbs	31	51	гӀагарлъи ахӀизе = созвать родню, пригласить родственников	
725	шестой	анлъабилеб	num	15	50	анлъабилеб къоялъ ана дов = он уехал на шестой день	
726	пешком	лъелго	adverbs	32	50	лъелго ине = идти пешком	
727	всюду, повсюду	кибего	adverbs	25	49	киего унге = никуда не ходи	всюду, повсюду | с глаголом никуда
728	раненый	лъукъарав	nouns	12	49	лъукъарасе лъим кье = напои раненого водой	
729	соскабливание	хъвагӀай	verbs	18	49		соскабливание | (рас)чистка, очищение | стирание | исключение
730	толпа, сборище	гури	verbs	36	48	ясазул гури = круг девушек	толпа, сборище | моток | вязанка (колючек и тому подобное)
731	там внизу	гъоба	adverbs	33	47	гъобе битӀе = отправь(те) туда	
732	красноречиво, выразительно	пасихӀ	adverbs	13	47	пасихӀго кӀалъазе = разговаривать красноречиво	
733	днём, в дневное время	къад	adverbs	36	45	гӀадада къад = средь бела дня	
734	беседа, разговор	кӀалъай	verbs	32	45	халатаб кӀалъай = длинный разговор	беседа, разговор | выступление, доклад
735	восьмой	микьабилеб	num	10	45	микьабилеб къо = восьмой день	
736	мытьё, мойка	чури	verbs	12	45	кверал чури = мытьё рук	мытьё, мойка | обмывка, обмывание
737	тогда, в то время	гьебмехалъ	adverbs	33	43	гьебмехалъ дов рокъов вукӀинчӀо = в то время его не было дома	
738	прочность, крепость	щулалъи	verbs	6	43		прочность, крепость | укрепление, крепость
739	очень хороший, крупный	бергьараб	verbs	18	42	бергьараб гьунар = большой подвиг	очень хороший, крупный | известный, знаменитый
740	вдоволь, обильно	гьарза	adverbs	28	41	гьарза гьабизе = (с)делать изобильным	
741	русские	гӀурусал	nouns	8	41		
742	туда, на ту сторону	добехун	adverbs	25	41	довехун вусса = повернись туда	туда, на ту сторону | туда, в том направлении
743	грустно, печально	пашман	adverbs	22	41	дун пашманго вуго = я грустен, мне грустно	
744	черно	чӀегӀер	adverbs	22	41	чӀегӀер белъине = покрасить в чёрный цвет	черно | ненавистно
745	умение, способность что-либо дел	бажари	verbs	15	40	бажари гӀуна = способности хватило	
746	рыхло	гьац	adverbs	22	40	гьац гьабизе = (с)делать рыхлым, (за)рыхлить	рыхло | слабо, изнеженно
747	(со)участие в чём-либо	гӀахьаллъи	verbs	8	40	гӀахьаллъи гьабизе = принимать, принять участие в чём-либо; участвовать в чём-либо	(со)участие в чём-либо | общность
748	ничуть, нисколько	расги	adverbs	21	40	расги гьечӀо = ничего нет	ничуть, нисколько | ничего, сотрицательное
